order_id,order_date,category,product,quantity,unit_price,revenue,region,channel
1,2024-04-14,Electronics,Smartwatch,3,686.37,2059.11,EMEA,Partner
2,2024-02-21,Clothing,T-Shirt,4,195.49,781.96,APAC,Partner
3,2023-07-22,Home & Garden,Coffee Maker,3,73.05,219.15,EMEA,Partner
4,2023-08-31,Sports,Water Bottle,3,248.6,745.8,AMER,Online
5,2024-03-28,Electronics,Tablet,5,142.54,712.7,EMEA,Store
6,2024-06-14,Electronics,Smartwatch,1,564.06,564.06,AMER,Partner
7,2023-09-13,Sports,Water Bottle,2,66.45,132.9,AMER,Online
8,2024-02-12,Home & Garden,Coffee Maker,5,105.63,528.15,AMER,Partner
9,2023-09-14,Home & Garden,Blender,1,61.86,61.86,APAC,Online
10,2023-05-05,Home & Garden,Coffee Maker,2,76.6,153.2,AMER,Partner
11,2024-01-19,Books,SQL for Analytics,4,51.63,206.52,EMEA,Online
12,2023-07-31,Sports,Bike Helmet,5,243.38,1216.9,APAC,Online
13,2023-04-20,Clothing,Sneakers,5,40.85,204.25,APAC,Online
14,2024-01-21,Sports,Water Bottle,3,202.81,608.43,EMEA,Partner
15,2023-03-18,Home & Garden,Plant Pot,1,89.62,89.62,EMEA,Online
16,2023-11-06,Home & Garden,Candle,5,75.95,379.75,EMEA,Partner
17,2023-11-02,Home & Garden,Candle,1,87.5,87.5,APAC,Online
18,2023-04-28,Sports,Yoga Mat,5,136.65,683.25,EMEA,Store
19,2023-02-01,Books,The Pragmatic Programmer,5,21.7,108.5,APAC,Online
20,2023-11-01,Books,Data Engineering,1,43.1,43.1,AMER,Partner
21,2024-03-21,Books,Clean Code,3,30.32,90.96,EMEA,Online
22,2024-01-31,Clothing,T-Shirt,4,31.66,126.64,APAC,Store
23,2023-03-25,Sports,Yoga Mat,5,155.3,776.5,AMER,Partner
24,2023-06-14,Home & Garden,Plant Pot,2,63.34,126.68,APAC,Store
25,2023-03-06,Sports,Dumbbells,2,35.42,70.84,AMER,Partner
26,2023-05-26,Clothing,Hat,3,144.45,433.35,APAC,Partner
27,2023-09-03,Clothing,Sneakers,4,147.62,590.48,APAC,Online
28,2023-09-07,Electronics,Laptop,1,1358.77,1358.77,APAC,Online
29,2023-04-07,Sports,Dumbbells,3,177.97,533.91,AMER,Partner
30,2023-08-25,Electronics,Smartwatch,4,1093.22,4372.88,EMEA,Store
31,2023-02-16,Electronics,Tablet,4,992.28,3969.12,APAC,Store
32,2023-06-30,Sports,Yoga Mat,1,153.26,153.26,AMER,Online
33,2023-04-04,Sports,Yoga Mat,4,180.42,721.68,EMEA,Partner
34,2023-11-20,Books,SQL for Analytics,4,27.34,109.36,EMEA,Online
35,2024-03-04,Electronics,Camera,3,749.34,2248.02,EMEA,Online
36,2024-05-27,Clothing,Jacket,3,105.78,317.34,EMEA,Store
37,2023-07-01,Home & Garden,Plant Pot,5,47.38,236.9,AMER,Store
38,2024-03-27,Books,SQL for Analytics,2,11.08,22.16,EMEA,Partner
39,2023-03-01,Home & Garden,Coffee Maker,2,87.57,175.14,AMER,Partner
40,2024-02-02,Electronics,Headphones,4,1006.16,4024.64,APAC,Partner
41,2023-05-06,Clothing,T-Shirt,5,184.46,922.3,EMEA,Online
42,2024-03-29,Electronics,Tablet,2,587.84,1175.68,AMER,Partner
43,2023-06-09,Books,Data Engineering,4,57.64,230.56,AMER,Store
44,2023-04-01,Books,Data Engineering,1,56.8,56.8,AMER,Online
45,2024-05-02,Clothing,Jacket,1,198.59,198.59,EMEA,Partner
46,2023-10-11,Books,The Pragmatic Programmer,1,54.67,54.67,AMER,Online
47,2023-07-24,Electronics,Smartwatch,3,1009.41,3028.23,APAC,Online
48,2024-05-27,Sports,Water Bottle,1,86.11,86.11,APAC,Online
49,2023-03-25,Electronics,Laptop,5,1255.11,6275.55,APAC,Online
50,2023-04-18,Clothing,Jacket,1,176.79,176.79,EMEA,Online
51,2023-10-01,Books,Clean Code,3,58.59,175.77,AMER,Online
52,2023-03-14,Books,Python Cookbook,2,21.48,42.96,EMEA,Partner
53,2024-01-15,Books,Python Cookbook,5,35.32,176.6,APAC,Store
54,2024-01-27,Home & Garden,Coffee Maker,1,122.58,122.58,EMEA,Partner
55,2024-05-22,Books,Python Cookbook,3,16.19,48.57,EMEA,Store
56,2023-12-29,Books,Data Engineering,3,34.43,103.29,EMEA,Partner
57,2023-01-14,Home & Garden,Blender,3,139.47,418.41,AMER,Store
58,2023-03-18,Electronics,Smartwatch,4,203.55,814.2,APAC,Store
59,2024-05-25,Electronics,Camera,1,914.26,914.26,APAC,Partner
60,2023-01-10,Home & Garden,Plant Pot,5,119.87,599.35,AMER,Online
61,2023-05-08,Clothing,Hat,3,162.41,487.23,AMER,Store
62,2023-11-26,Sports,Water Bottle,4,261.64,1046.56,EMEA,Store
63,2023-12-23,Electronics,Headphones,1,667.53,667.53,APAC,Partner
64,2023-05-10,Clothing,Jacket,2,60.85,121.7,APAC,Partner
65,2023-02-06,Books,The Pragmatic Programmer,5,15.26,76.3,AMER,Store
66,2023-06-19,Clothing,T-Shirt,2,167.56,335.12,APAC,Online
67,2023-06-05,Books,The Pragmatic Programmer,1,18.28,18.28,AMER,Online
68,2023-01-31,Home & Garden,Coffee Maker,4,12.96,51.84,EMEA,Online
69,2024-01-08,Books,Python Cookbook,3,39.56,118.68,APAC,Store
70,2024-04-23,Books,Data Engineering,4,35.23,140.92,APAC,Partner
71,2023-05-10,Home & Garden,Coffee Maker,5,35.41,177.05,EMEA,Online
72,2023-01-27,Sports,Running Shoes,2,130.72,261.44,EMEA,Store
73,2024-03-31,Books,SQL for Analytics,1,15.08,15.08,EMEA,Online
74,2024-04-06,Home & Garden,Cushion,5,23.88,119.4,APAC,Partner
75,2024-03-02,Clothing,Hat,3,163.37,490.11,AMER,Store
76,2023-10-21,Sports,Water Bottle,5,49.02,245.1,EMEA,Store
77,2023-07-30,Books,The Pragmatic Programmer,4,33.14,132.56,APAC,Store
78,2023-09-19,Clothing,Jeans,3,40.86,122.58,EMEA,Store
79,2023-07-20,Sports,Dumbbells,3,116.58,349.74,APAC,Online
80,2023-06-12,Home & Garden,Blender,2,106.0,212.0,APAC,Partner
81,2023-06-29,Sports,Bike Helmet,4,149.46,597.84,AMER,Store
82,2024-03-16,Books,The Pragmatic Programmer,2,42.63,85.26,AMER,Store
83,2024-02-06,Sports,Water Bottle,1,93.57,93.57,EMEA,Online
84,2023-03-14,Home & Garden,Candle,5,130.5,652.5,APAC,Store
85,2023-02-16,Sports,Yoga Mat,3,220.46,661.38,AMER,Partner
86,2024-03-14,Sports,Yoga Mat,1,288.08,288.08,AMER,Store
87,2024-06-01,Home & Garden,Candle,5,121.32,606.6,EMEA,Online
88,2023-12-04,Sports,Running Shoes,3,37.56,112.68,EMEA,Online
89,2023-09-12,Electronics,Tablet,3,880.02,2640.06,APAC,Store
90,2023-09-27,Sports,Water Bottle,3,241.78,725.34,EMEA,Store
91,2023-03-06,Electronics,Camera,4,223.61,894.44,APAC,Online
92,2024-02-28,Home & Garden,Candle,5,68.61,343.05,EMEA,Partner
93,2024-02-22,Sports,Dumbbells,5,270.53,1352.65,AMER,Online
94,2023-03-28,Sports,Dumbbells,2,101.19,202.38,APAC,Online
95,2023-07-29,Electronics,Camera,4,684.96,2739.84,EMEA,Partner
96,2024-03-02,Electronics,Tablet,2,1407.4,2814.8,AMER,Store
97,2024-01-28,Electronics,Headphones,1,1480.62,1480.62,APAC,Partner
98,2023-12-15,Home & Garden,Coffee Maker,5,129.07,645.35,EMEA,Online
99,2023-01-07,Home & Garden,Plant Pot,3,106.05,318.15,EMEA,Store
100,2023-09-08,Sports,Bike Helmet,5,95.65,478.25,EMEA,Store
101,2024-03-03,Electronics,Headphones,4,1381.74,5526.96,AMER,Online
102,2023-06-05,Clothing,Hat,4,177.65,710.6,APAC,Partner
103,2023-12-31,Electronics,Laptop,1,1498.7,1498.7,EMEA,Store
104,2023-01-16,Sports,Yoga Mat,5,270.14,1350.7,EMEA,Online
105,2023-04-19,Home & Garden,Coffee Maker,5,118.75,593.75,EMEA,Partner
106,2023-01-03,Clothing,Sneakers,1,21.69,21.69,EMEA,Online
107,2023-05-11,Books,Clean Code,5,50.07,250.35,EMEA,Partner
108,2024-05-22,Clothing,T-Shirt,5,163.18,815.9,EMEA,Partner
109,2023-01-22,Books,Clean Code,3,51.9,155.7,AMER,Online
110,2024-02-12,Electronics,Laptop,3,781.57,2344.71,AMER,Store
111,2024-02-06,Electronics,Camera,5,275.06,1375.3,EMEA,Online
112,2024-06-20,Electronics,Headphones,3,1079.36,3238.08,APAC,Store
113,2023-01-24,Home & Garden,Coffee Maker,1,96.28,96.28,EMEA,Partner
114,2023-02-20,Home & Garden,Candle,2,34.24,68.48,APAC,Online
115,2024-03-04,Clothing,Hat,3,99.83,299.49,EMEA,Store
116,2024-06-01,Books,SQL for Analytics,2,17.26,34.52,AMER,Online
117,2023-12-22,Home & Garden,Plant Pot,2,107.97,215.94,AMER,Partner
118,2023-08-10,Electronics,Laptop,4,787.11,3148.44,APAC,Store
119,2023-06-02,Electronics,Laptop,5,244.44,1222.2,EMEA,Online
120,2023-12-14,Sports,Running Shoes,3,187.19,561.57,APAC,Store
121,2023-11-18,Electronics,Tablet,5,365.56,1827.8,AMER,Online
122,2023-09-17,Books,Python Cookbook,3,30.92,92.76,EMEA,Online
123,2024-01-19,Electronics,Tablet,3,870.37,2611.11,AMER,Store
124,2024-03-06,Home & Garden,Candle,2,54.27,108.54,AMER,Store
125,2023-07-17,Electronics,Tablet,3,957.72,2873.16,APAC,Store
126,2024-05-18,Books,Clean Code,1,54.32,54.32,APAC,Store
127,2023-06-22,Sports,Running Shoes,2,241.96,483.92,AMER,Partner
128,2023-02-09,Clothing,Jacket,1,36.43,36.43,APAC,Partner
129,2023-07-02,Books,Python Cookbook,3,24.03,72.09,AMER,Online
130,2023-01-09,Sports,Dumbbells,5,225.38,1126.9,AMER,Partner
131,2023-03-26,Sports,Bike Helmet,4,117.96,471.84,EMEA,Store
132,2024-06-08,Sports,Yoga Mat,3,115.83,347.49,EMEA,Partner
133,2024-01-12,Home & Garden,Candle,4,53.53,214.12,EMEA,Partner
134,2023-01-06,Sports,Dumbbells,2,195.86,391.72,APAC,Online
135,2023-04-01,Sports,Running Shoes,4,57.49,229.96,AMER,Partner
136,2024-04-03,Books,The Pragmatic Programmer,2,37.8,75.6,APAC,Partner
137,2023-08-03,Sports,Yoga Mat,5,139.99,699.95,EMEA,Online
138,2023-09-14,Books,Clean Code,3,31.69,95.07,APAC,Online
139,2023-01-25,Clothing,T-Shirt,5,182.81,914.05,AMER,Online
140,2023-11-17,Electronics,Headphones,5,760.79,3803.95,APAC,Store
141,2024-04-06,Electronics,Laptop,5,403.32,2016.6,APAC,Store
142,2024-02-22,Home & Garden,Candle,4,103.83,415.32,AMER,Online
143,2023-07-05,Sports,Dumbbells,5,166.46,832.3,APAC,Partner
144,2024-04-11,Clothing,Jacket,4,157.2,628.8,AMER,Store
145,2024-04-10,Home & Garden,Cushion,1,92.2,92.2,AMER,Store
146,2023-02-27,Home & Garden,Plant Pot,3,84.4,253.2,EMEA,Store
147,2023-04-08,Books,The Pragmatic Programmer,2,41.54,83.08,EMEA,Store
148,2024-05-22,Clothing,T-Shirt,4,19.59,78.36,APAC,Store
149,2023-01-05,Home & Garden,Blender,3,93.79,281.37,AMER,Online
150,2024-06-21,Electronics,Smartwatch,4,968.97,3875.88,APAC,Store
151,2024-05-09,Books,SQL for Analytics,4,48.07,192.28,AMER,Partner
152,2024-04-19,Clothing,Hat,3,159.67,479.01,EMEA,Online
153,2023-10-30,Home & Garden,Candle,4,71.61,286.44,APAC,Store
154,2023-06-07,Home & Garden,Cushion,1,147.84,147.84,APAC,Partner
155,2023-03-09,Books,Clean Code,1,27.32,27.32,EMEA,Online
156,2024-06-23,Home & Garden,Candle,5,78.56,392.8,APAC,Store
157,2024-03-10,Clothing,Hat,1,91.14,91.14,AMER,Online
158,2024-05-20,Clothing,Jacket,2,163.38,326.76,AMER,Partner
159,2023-01-27,Clothing,T-Shirt,5,83.95,419.75,AMER,Online
160,2024-02-28,Books,Clean Code,4,45.66,182.64,EMEA,Partner
161,2023-01-27,Sports,Water Bottle,2,242.25,484.5,APAC,Online
162,2023-01-03,Electronics,Smartwatch,3,1294.28,3882.84,APAC,Store
163,2023-08-08,Clothing,Sneakers,4,20.48,81.92,APAC,Partner
164,2024-04-11,Sports,Water Bottle,3,78.92,236.76,AMER,Store
165,2023-11-19,Sports,Bike Helmet,4,96.69,386.76,AMER,Store
166,2023-04-13,Electronics,Headphones,5,1335.51,6677.55,APAC,Online
167,2024-03-17,Sports,Dumbbells,3,218.12,654.36,AMER,Partner
168,2023-03-16,Sports,Dumbbells,3,128.3,384.9,EMEA,Store
169,2023-11-22,Electronics,Camera,4,1066.28,4265.12,EMEA,Store
170,2023-03-15,Home & Garden,Cushion,2,79.57,159.14,EMEA,Store
171,2023-01-10,Electronics,Laptop,3,342.87,1028.61,EMEA,Store
172,2023-08-18,Books,Clean Code,3,27.16,81.48,APAC,Partner
173,2023-06-05,Books,Clean Code,5,37.04,185.2,AMER,Partner
174,2024-05-12,Clothing,Jeans,5,75.19,375.95,EMEA,Store
175,2023-12-24,Books,Clean Code,4,39.54,158.16,EMEA,Online
176,2023-03-27,Books,Data Engineering,1,26.12,26.12,AMER,Partner
177,2024-03-09,Electronics,Headphones,2,864.16,1728.32,AMER,Partner
178,2024-06-28,Sports,Running Shoes,5,148.11,740.55,AMER,Partner
179,2024-03-06,Clothing,Hat,2,181.97,363.94,AMER,Online
180,2023-12-24,Electronics,Tablet,3,197.75,593.25,EMEA,Partner
181,2023-01-20,Sports,Running Shoes,1,135.56,135.56,APAC,Partner
182,2023-05-15,Sports,Yoga Mat,1,21.91,21.91,AMER,Online
183,2023-06-20,Books,SQL for Analytics,4,35.8,143.2,EMEA,Online
184,2023-02-03,Books,Python Cookbook,4,29.23,116.92,APAC,Partner
185,2023-08-04,Home & Garden,Blender,3,52.29,156.87,EMEA,Store
186,2024-04-16,Electronics,Laptop,3,212.5,637.5,EMEA,Online
187,2023-07-02,Electronics,Tablet,1,759.78,759.78,AMER,Store
188,2023-05-23,Home & Garden,Candle,3,127.77,383.31,EMEA,Online
189,2024-01-09,Home & Garden,Blender,5,77.18,385.9,AMER,Online
190,2023-01-27,Sports,Dumbbells,3,279.81,839.43,AMER,Store
191,2023-01-26,Books,Clean Code,4,17.52,70.08,EMEA,Online
192,2023-04-14,Electronics,Camera,5,63.43,317.15,APAC,Online
193,2023-05-13,Electronics,Laptop,3,949.22,2847.66,EMEA,Store
194,2023-01-03,Clothing,Jacket,3,172.15,516.45,EMEA,Partner
195,2024-02-27,Home & Garden,Candle,5,32.78,163.9,APAC,Partner
196,2023-09-06,Clothing,Jeans,3,184.98,554.94,APAC,Store
197,2024-03-20,Books,The Pragmatic Programmer,4,28.08,112.32,EMEA,Online
198,2023-04-29,Home & Garden,Candle,2,94.1,188.2,AMER,Store
199,2023-01-17,Sports,Dumbbells,5,32.65,163.25,APAC,Store
200,2024-02-01,Clothing,T-Shirt,4,45.62,182.48,APAC,Partner
201,2024-05-01,Clothing,Sneakers,1,73.67,73.67,EMEA,Store
202,2024-01-15,Clothing,T-Shirt,4,41.59,166.36,EMEA,Online
203,2023-01-03,Sports,Running Shoes,2,297.61,595.22,APAC,Online
204,2023-03-11,Home & Garden,Cushion,2,91.85,183.7,AMER,Partner
205,2023-12-07,Electronics,Camera,1,827.49,827.49,EMEA,Online
206,2023-06-11,Sports,Yoga Mat,1,182.42,182.42,AMER,Store
207,2023-11-22,Books,The Pragmatic Programmer,1,10.91,10.91,EMEA,Online
208,2023-12-01,Books,The Pragmatic Programmer,4,22.68,90.72,EMEA,Store
209,2024-02-01,Home & Garden,Blender,3,104.87,314.61,APAC,Store
210,2023-08-18,Clothing,Sneakers,1,196.93,196.93,APAC,Store
211,2023-10-12,Books,Python Cookbook,2,49.8,99.6,AMER,Store
212,2023-08-05,Books,Python Cookbook,4,54.48,217.92,EMEA,Partner
213,2023-04-08,Home & Garden,Coffee Maker,2,144.62,289.24,APAC,Online
214,2023-04-27,Books,The Pragmatic Programmer,2,55.63,111.26,AMER,Store
215,2023-07-27,Books,Clean Code,4,53.92,215.68,AMER,Store
216,2024-03-04,Electronics,Smartwatch,3,1110.15,3330.45,APAC,Store
217,2024-04-18,Home & Garden,Coffee Maker,4,136.56,546.24,APAC,Partner
218,2024-02-11,Home & Garden,Coffee Maker,3,38.62,115.86,AMER,Online
219,2024-01-29,Clothing,Hat,5,84.77,423.85,APAC,Partner
220,2023-11-29,Sports,Dumbbells,2,102.55,205.1,AMER,Store
221,2024-05-26,Clothing,Jacket,3,126.33,378.99,AMER,Store
222,2023-08-04,Electronics,Laptop,2,596.95,1193.9,APAC,Online
223,2023-07-05,Clothing,T-Shirt,1,141.64,141.64,EMEA,Partner
224,2024-02-17,Sports,Dumbbells,3,38.69,116.07,AMER,Partner
225,2023-04-12,Clothing,Jeans,5,52.39,261.95,AMER,Store
226,2023-01-25,Electronics,Tablet,1,426.19,426.19,EMEA,Store
227,2023-09-29,Electronics,Camera,4,996.15,3984.6,APAC,Online
228,2024-02-23,Clothing,Jeans,2,69.53,139.06,EMEA,Partner
229,2024-06-21,Sports,Bike Helmet,4,295.52,1182.08,AMER,Partner
230,2023-06-16,Home & Garden,Coffee Maker,5,29.29,146.45,EMEA,Store
231,2023-12-04,Home & Garden,Coffee Maker,4,128.41,513.64,AMER,Store
232,2023-03-29,Home & Garden,Coffee Maker,3,45.46,136.38,EMEA,Partner
233,2023-06-11,Clothing,Jacket,4,151.0,604.0,APAC,Store
234,2024-02-27,Books,SQL for Analytics,1,48.0,48.0,EMEA,Online
235,2024-05-05,Sports,Bike Helmet,2,44.99,89.98,APAC,Online
236,2023-04-09,Clothing,Jeans,4,171.6,686.4,AMER,Store
237,2024-01-24,Electronics,Tablet,5,405.63,2028.15,EMEA,Partner
238,2023-10-18,Home & Garden,Cushion,3,57.51,172.53,APAC,Online
239,2024-05-29,Clothing,Jeans,1,44.83,44.83,EMEA,Partner
240,2023-09-26,Electronics,Smartwatch,2,800.61,1601.22,AMER,Store
241,2023-03-14,Clothing,Jacket,2,95.39,190.78,AMER,Online
242,2024-06-05,Electronics,Camera,5,748.94,3744.7,EMEA,Online
243,2023-05-19,Clothing,Jacket,1,53.43,53.43,APAC,Online
244,2023-06-25,Clothing,T-Shirt,1,184.62,184.62,APAC,Store
245,2023-10-18,Electronics,Tablet,3,630.65,1891.95,AMER,Online
246,2024-02-10,Books,The Pragmatic Programmer,5,50.92,254.6,AMER,Store
247,2023-07-06,Books,Python Cookbook,4,56.03,224.12,AMER,Online
248,2023-12-07,Books,Data Engineering,4,49.72,198.88,EMEA,Partner
249,2024-05-20,Sports,Water Bottle,2,71.47,142.94,AMER,Store
250,2024-06-27,Clothing,Sneakers,3,15.43,46.29,EMEA,Online
251,2023-03-12,Books,Python Cookbook,4,32.91,131.64,AMER,Online
252,2024-05-19,Sports,Water Bottle,1,123.95,123.95,AMER,Online
253,2023-12-27,Home & Garden,Candle,2,74.55,149.1,AMER,Store
254,2023-07-07,Electronics,Tablet,3,1427.59,4282.77,AMER,Online
255,2023-01-23,Electronics,Smartwatch,3,1276.71,3830.13,APAC,Store
256,2024-06-26,Clothing,Hat,2,153.68,307.36,AMER,Store
257,2024-06-02,Sports,Water Bottle,2,97.72,195.44,APAC,Store
258,2023-11-04,Sports,Water Bottle,5,126.91,634.55,EMEA,Partner
259,2023-08-18,Home & Garden,Plant Pot,2,136.99,273.98,EMEA,Store
260,2023-08-29,Home & Garden,Blender,3,67.14,201.42,EMEA,Online
261,2023-12-25,Books,Python Cookbook,1,43.37,43.37,APAC,Store
262,2023-04-19,Clothing,T-Shirt,5,75.41,377.05,EMEA,Partner
263,2024-01-01,Books,The Pragmatic Programmer,5,22.33,111.65,EMEA,Online
264,2023-06-05,Books,Data Engineering,2,16.93,33.86,EMEA,Partner
265,2023-10-24,Books,The Pragmatic Programmer,5,20.13,100.65,AMER,Partner
266,2023-05-20,Sports,Bike Helmet,4,186.92,747.68,EMEA,Store
267,2023-08-07,Electronics,Headphones,3,1465.39,4396.17,AMER,Partner
268,2024-04-23,Home & Garden,Coffee Maker,4,66.01,264.04,APAC,Store
269,2024-04-12,Clothing,Jacket,5,188.15,940.75,EMEA,Online
270,2023-12-12,Books,SQL for Analytics,3,34.49,103.47,APAC,Store
271,2024-05-20,Books,Data Engineering,5,55.63,278.15,EMEA,Partner
272,2024-02-23,Books,The Pragmatic Programmer,5,47.25,236.25,EMEA,Partner
273,2023-05-12,Electronics,Tablet,4,711.86,2847.44,AMER,Store
274,2023-11-17,Sports,Dumbbells,3,84.76,254.28,AMER,Store
275,2024-04-15,Clothing,Jeans,2,165.97,331.94,AMER,Online
276,2024-03-12,Clothing,T-Shirt,3,77.18,231.54,EMEA,Partner
277,2023-03-05,Clothing,T-Shirt,4,158.25,633.0,EMEA,Store
278,2023-03-26,Home & Garden,Cushion,5,36.96,184.8,EMEA,Store
279,2024-06-20,Home & Garden,Candle,2,140.61,281.22,AMER,Online
280,2023-05-29,Books,Python Cookbook,2,49.54,99.08,AMER,Partner
281,2024-03-31,Clothing,Sneakers,4,35.69,142.76,AMER,Online
282,2023-10-01,Electronics,Tablet,2,850.67,1701.34,EMEA,Partner
283,2024-06-30,Sports,Water Bottle,1,297.69,297.69,EMEA,Store
284,2024-06-18,Electronics,Laptop,1,1105.37,1105.37,EMEA,Online
285,2023-01-29,Clothing,Jacket,2,93.58,187.16,AMER,Partner
286,2024-03-31,Sports,Dumbbells,4,238.36,953.44,APAC,Partner
287,2024-02-14,Books,SQL for Analytics,2,26.08,52.16,APAC,Partner
288,2023-03-20,Electronics,Tablet,2,1344.89,2689.78,AMER,Partner
289,2023-10-20,Books,Python Cookbook,2,17.68,35.36,EMEA,Online
290,2023-08-27,Home & Garden,Coffee Maker,1,10.07,10.07,APAC,Partner
291,2024-03-26,Electronics,Laptop,4,995.77,3983.08,AMER,Online
292,2024-03-26,Electronics,Laptop,2,1298.16,2596.32,AMER,Store
293,2023-08-04,Home & Garden,Cushion,3,22.99,68.97,AMER,Partner
294,2023-10-03,Home & Garden,Blender,2,115.33,230.66,AMER,Partner
295,2023-04-30,Sports,Running Shoes,3,116.69,350.07,AMER,Online
296,2023-02-17,Sports,Water Bottle,4,44.48,177.92,AMER,Online
297,2023-08-06,Electronics,Laptop,1,1243.51,1243.51,APAC,Partner
298,2023-09-03,Books,Python Cookbook,1,42.68,42.68,APAC,Store
299,2024-04-22,Electronics,Camera,5,1464.61,7323.05,AMER,Online
300,2023-06-08,Sports,Dumbbells,5,200.26,1001.3,EMEA,Partner
301,2024-03-29,Electronics,Tablet,2,848.82,1697.64,AMER,Partner
302,2023-11-26,Home & Garden,Coffee Maker,5,16.92,84.6,AMER,Store
303,2024-02-19,Sports,Dumbbells,2,131.41,262.82,EMEA,Partner
304,2023-05-29,Clothing,Jacket,4,86.29,345.16,EMEA,Store
305,2024-01-06,Electronics,Headphones,4,867.94,3471.76,APAC,Online
306,2024-05-04,Clothing,T-Shirt,3,54.27,162.81,APAC,Store
307,2023-09-15,Sports,Yoga Mat,1,268.18,268.18,APAC,Store
308,2023-04-28,Books,The Pragmatic Programmer,2,12.97,25.94,AMER,Store
309,2023-04-28,Home & Garden,Coffee Maker,1,105.13,105.13,APAC,Online
310,2023-04-07,Home & Garden,Blender,3,69.18,207.54,EMEA,Online
311,2023-07-17,Sports,Bike Helmet,2,102.92,205.84,EMEA,Online
312,2023-11-30,Home & Garden,Blender,5,47.07,235.35,AMER,Online
313,2023-02-24,Books,The Pragmatic Programmer,4,56.48,225.92,APAC,Online
314,2023-03-08,Electronics,Laptop,3,948.38,2845.14,EMEA,Partner
315,2023-10-15,Books,Clean Code,4,50.99,203.96,EMEA,Partner
316,2023-06-27,Home & Garden,Coffee Maker,1,66.18,66.18,AMER,Partner
317,2023-04-04,Electronics,Tablet,5,1218.98,6094.9,APAC,Partner
318,2024-06-15,Clothing,Jacket,2,106.33,212.66,APAC,Store
319,2023-03-12,Books,Data Engineering,3,39.24,117.72,AMER,Online
320,2024-04-18,Clothing,T-Shirt,4,34.11,136.44,EMEA,Store
321,2023-08-25,Home & Garden,Blender,3,67.21,201.63,APAC,Store
322,2023-08-03,Clothing,Hat,4,187.56,750.24,APAC,Online
323,2023-09-10,Clothing,Jacket,2,120.07,240.14,EMEA,Store
324,2023-07-09,Clothing,Jacket,5,74.33,371.65,EMEA,Store
325,2024-01-31,Home & Garden,Coffee Maker,3,33.25,99.75,APAC,Store
326,2024-02-18,Books,Data Engineering,4,38.13,152.52,AMER,Online
327,2023-11-23,Home & Garden,Cushion,1,139.85,139.85,EMEA,Partner
328,2023-08-03,Books,Python Cookbook,5,57.28,286.4,EMEA,Partner
329,2023-01-22,Books,SQL for Analytics,4,10.23,40.92,APAC,Partner
330,2024-02-11,Books,SQL for Analytics,2,11.33,22.66,EMEA,Partner
331,2023-01-03,Clothing,Jacket,3,101.17,303.51,AMER,Partner
332,2023-07-24,Books,Data Engineering,5,53.94,269.7,APAC,Store
333,2024-02-28,Electronics,Headphones,3,282.85,848.55,EMEA,Store
334,2024-06-11,Clothing,Jacket,1,193.6,193.6,APAC,Partner
335,2024-04-25,Books,Python Cookbook,5,39.71,198.55,AMER,Store
336,2023-09-21,Electronics,Laptop,3,1225.9,3677.7,EMEA,Store
337,2023-08-21,Sports,Bike Helmet,5,186.09,930.45,APAC,Store
338,2024-03-10,Electronics,Tablet,5,221.68,1108.4,EMEA,Partner
339,2024-04-23,Electronics,Headphones,4,490.51,1962.04,EMEA,Online
340,2024-01-13,Books,SQL for Analytics,3,33.18,99.54,AMER,Online
341,2023-12-05,Sports,Water Bottle,4,119.25,477.0,EMEA,Online
342,2023-04-28,Home & Garden,Plant Pot,5,83.12,415.6,AMER,Online
343,2023-02-22,Home & Garden,Coffee Maker,1,58.18,58.18,AMER,Partner
344,2024-06-17,Electronics,Tablet,3,1223.01,3669.03,EMEA,Online
345,2023-12-13,Home & Garden,Candle,5,132.0,660.0,AMER,Store
346,2023-10-20,Electronics,Tablet,2,102.05,204.1,AMER,Partner
347,2024-01-22,Home & Garden,Cushion,2,15.66,31.32,AMER,Online
348,2024-05-26,Home & Garden,Cushion,2,16.32,32.64,APAC,Partner
349,2024-04-01,Books,Python Cookbook,1,12.99,12.99,APAC,Online
350,2023-11-07,Sports,Running Shoes,5,275.57,1377.85,APAC,Store
351,2024-06-13,Sports,Running Shoes,1,28.3,28.3,EMEA,Online
352,2024-06-11,Sports,Yoga Mat,1,92.95,92.95,EMEA,Online
353,2024-03-30,Sports,Bike Helmet,3,215.27,645.81,EMEA,Partner
354,2023-03-11,Sports,Bike Helmet,4,283.58,1134.32,APAC,Partner
355,2024-05-06,Clothing,Jacket,5,115.55,577.75,EMEA,Partner
356,2023-09-07,Home & Garden,Candle,3,77.61,232.83,APAC,Store
357,2023-02-19,Clothing,Jeans,1,87.43,87.43,APAC,Online
358,2024-05-24,Home & Garden,Candle,1,72.45,72.45,APAC,Store
359,2023-04-23,Electronics,Laptop,5,278.41,1392.05,EMEA,Partner
360,2024-05-27,Books,Data Engineering,4,35.79,143.16,APAC,Partner
361,2023-03-26,Electronics,Headphones,2,121.22,242.44,APAC,Online
362,2024-05-14,Electronics,Laptop,2,874.43,1748.86,EMEA,Store
363,2024-03-13,Sports,Water Bottle,3,68.54,205.62,APAC,Store
364,2023-07-10,Sports,Bike Helmet,1,285.16,285.16,EMEA,Online
365,2024-06-01,Home & Garden,Blender,4,71.3,285.2,APAC,Store
366,2023-04-10,Clothing,Sneakers,3,114.99,344.97,AMER,Online
367,2023-08-26,Electronics,Smartwatch,1,1025.64,1025.64,APAC,Online
368,2024-05-27,Sports,Water Bottle,4,58.97,235.88,APAC,Online
369,2023-10-12,Books,Python Cookbook,3,34.88,104.64,EMEA,Store
370,2023-09-23,Books,SQL for Analytics,1,59.74,59.74,AMER,Store
371,2023-11-21,Books,SQL for Analytics,4,13.34,53.36,EMEA,Online
372,2024-06-20,Sports,Water Bottle,3,24.74,74.22,EMEA,Store
373,2023-02-03,Home & Garden,Cushion,4,76.58,306.32,APAC,Partner
374,2023-08-23,Sports,Water Bottle,5,236.71,1183.55,AMER,Store
375,2023-07-10,Electronics,Camera,2,965.04,1930.08,AMER,Store
376,2023-07-22,Sports,Water Bottle,4,288.57,1154.28,AMER,Store
377,2024-02-07,Sports,Bike Helmet,1,156.67,156.67,AMER,Store
378,2023-03-13,Home & Garden,Blender,2,114.33,228.66,AMER,Online
379,2024-05-04,Clothing,Sneakers,2,153.24,306.48,APAC,Online
380,2023-03-26,Home & Garden,Coffee Maker,5,143.85,719.25,EMEA,Online
381,2024-04-27,Clothing,Jeans,1,112.94,112.94,APAC,Partner
382,2023-07-15,Electronics,Smartwatch,4,304.01,1216.04,APAC,Store
383,2023-06-18,Books,Python Cookbook,2,23.67,47.34,AMER,Online
384,2023-02-08,Sports,Running Shoes,1,214.46,214.46,AMER,Store
385,2024-03-21,Clothing,Sneakers,1,153.38,153.38,EMEA,Store
386,2023-07-17,Home & Garden,Cushion,2,43.71,87.42,EMEA,Online
387,2023-05-12,Clothing,Jacket,4,87.53,350.12,APAC,Partner
388,2023-03-13,Electronics,Headphones,2,445.57,891.14,EMEA,Store
389,2023-05-10,Sports,Dumbbells,5,117.09,585.45,AMER,Partner
390,2023-12-18,Electronics,Camera,4,772.0,3088.0,EMEA,Partner
391,2024-05-01,Sports,Bike Helmet,3,187.92,563.76,APAC,Partner
392,2023-02-14,Home & Garden,Candle,4,74.53,298.12,APAC,Online
393,2023-08-11,Home & Garden,Plant Pot,3,79.2,237.6,AMER,Store
394,2023-03-01,Sports,Running Shoes,5,252.62,1263.1,APAC,Online
395,2024-06-28,Electronics,Smartwatch,4,1279.36,5117.44,APAC,Partner
396,2023-08-08,Electronics,Camera,1,505.8,505.8,APAC,Online
397,2023-07-08,Books,Clean Code,3,56.94,170.82,APAC,Store
398,2023-04-17,Sports,Dumbbells,2,59.24,118.48,APAC,Online
399,2024-04-01,Sports,Bike Helmet,1,126.84,126.84,EMEA,Partner
400,2024-03-20,Sports,Yoga Mat,2,60.88,121.76,APAC,Online
401,2024-01-06,Books,The Pragmatic Programmer,2,17.0,34.0,APAC,Partner
402,2024-06-11,Home & Garden,Blender,2,48.67,97.34,AMER,Online
403,2023-05-19,Electronics,Tablet,4,677.15,2708.6,APAC,Partner
404,2024-04-01,Sports,Water Bottle,4,119.71,478.84,APAC,Online
405,2024-06-27,Sports,Yoga Mat,2,175.64,351.28,APAC,Online
406,2024-03-19,Clothing,Jeans,4,111.0,444.0,APAC,Online
407,2023-07-23,Electronics,Headphones,1,1133.26,1133.26,EMEA,Online
408,2023-09-20,Electronics,Laptop,3,644.57,1933.71,APAC,Partner
409,2024-06-21,Home & Garden,Candle,1,106.66,106.66,EMEA,Store
410,2023-05-15,Sports,Running Shoes,1,277.77,277.77,APAC,Partner
411,2023-09-14,Electronics,Smartwatch,3,191.79,575.37,EMEA,Online
412,2023-06-08,Electronics,Laptop,2,722.55,1445.1,EMEA,Partner
413,2023-05-26,Clothing,Hat,4,163.5,654.0,AMER,Online
414,2024-05-31,Electronics,Headphones,1,245.81,245.81,AMER,Store
415,2023-08-07,Books,Data Engineering,4,52.33,209.32,EMEA,Online
416,2024-03-04,Electronics,Laptop,3,976.91,2930.73,EMEA,Online
417,2024-04-09,Clothing,Hat,2,172.43,344.86,EMEA,Online
418,2023-06-17,Home & Garden,Coffee Maker,3,131.44,394.32,EMEA,Store
419,2024-03-03,Home & Garden,Candle,1,27.96,27.96,EMEA,Partner
420,2024-04-24,Electronics,Smartwatch,1,689.77,689.77,EMEA,Store
421,2024-02-14,Books,Clean Code,1,51.03,51.03,AMER,Online
422,2023-10-03,Home & Garden,Coffee Maker,2,43.37,86.74,APAC,Store
423,2024-03-06,Home & Garden,Plant Pot,5,65.31,326.55,APAC,Partner
424,2024-01-06,Sports,Dumbbells,2,223.59,447.18,EMEA,Store
425,2024-06-09,Sports,Yoga Mat,3,240.62,721.86,EMEA,Partner
426,2023-07-12,Books,The Pragmatic Programmer,2,59.21,118.42,AMER,Store
427,2023-02-21,Sports,Running Shoes,2,296.12,592.24,AMER,Store
428,2024-03-06,Sports,Bike Helmet,3,92.37,277.11,AMER,Store
429,2023-06-14,Sports,Bike Helmet,4,266.22,1064.88,EMEA,Partner
430,2023-12-27,Clothing,Jeans,2,127.18,254.36,APAC,Partner
431,2024-01-25,Books,Python Cookbook,5,21.01,105.05,EMEA,Store
432,2023-07-10,Sports,Running Shoes,3,26.01,78.03,APAC,Partner
433,2024-05-31,Sports,Yoga Mat,3,124.97,374.91,APAC,Online
434,2024-04-19,Clothing,Sneakers,3,62.66,187.98,EMEA,Partner
435,2023-10-18,Sports,Bike Helmet,3,72.62,217.86,AMER,Partner
436,2023-01-15,Sports,Dumbbells,3,76.92,230.76,AMER,Partner
437,2024-02-11,Home & Garden,Candle,2,98.98,197.96,APAC,Store
438,2023-12-17,Electronics,Tablet,1,701.82,701.82,EMEA,Online
439,2023-07-11,Electronics,Camera,1,1227.04,1227.04,APAC,Store
440,2024-05-08,Electronics,Laptop,1,1459.9,1459.9,APAC,Partner
441,2023-04-26,Books,Data Engineering,2,18.46,36.92,EMEA,Online
442,2024-06-25,Electronics,Laptop,1,153.39,153.39,EMEA,Online
443,2023-11-14,Electronics,Laptop,4,1249.52,4998.08,EMEA,Partner
444,2023-12-16,Electronics,Smartwatch,2,1329.15,2658.3,AMER,Store
445,2023-07-09,Books,Clean Code,4,32.37,129.48,EMEA,Store
446,2023-05-23,Electronics,Laptop,4,1205.03,4820.12,AMER,Online
447,2023-06-30,Sports,Dumbbells,4,254.2,1016.8,APAC,Partner
448,2024-02-23,Sports,Bike Helmet,5,32.55,162.75,EMEA,Online
449,2024-05-12,Sports,Dumbbells,4,209.78,839.12,EMEA,Online
450,2023-10-31,Books,SQL for Analytics,2,24.49,48.98,EMEA,Store
451,2023-03-15,Home & Garden,Candle,5,97.3,486.5,EMEA,Partner
452,2023-02-10,Sports,Water Bottle,4,207.95,831.8,APAC,Store
453,2023-05-02,Electronics,Tablet,5,175.73,878.65,EMEA,Store
454,2024-03-29,Books,Clean Code,5,21.85,109.25,AMER,Store
455,2023-10-01,Electronics,Smartwatch,3,735.21,2205.63,EMEA,Store
456,2023-10-17,Sports,Bike Helmet,5,152.63,763.15,AMER,Store
457,2023-10-10,Books,Clean Code,3,13.59,40.77,APAC,Store
458,2023-09-14,Home & Garden,Cushion,3,79.09,237.27,APAC,Partner
459,2023-04-29,Home & Garden,Plant Pot,3,35.32,105.96,EMEA,Online
460,2024-02-25,Home & Garden,Coffee Maker,2,70.47,140.94,AMER,Partner
461,2023-03-26,Sports,Yoga Mat,5,175.3,876.5,EMEA,Partner
462,2023-06-28,Books,Python Cookbook,1,41.33,41.33,AMER,Store
463,2023-05-07,Clothing,Jacket,1,155.53,155.53,EMEA,Partner
464,2024-04-09,Books,SQL for Analytics,3,47.8,143.4,AMER,Partner
465,2023-05-17,Books,Data Engineering,2,24.34,48.68,APAC,Online
466,2024-06-25,Sports,Running Shoes,1,298.12,298.12,EMEA,Store
467,2024-05-25,Clothing,Sneakers,3,174.09,522.27,EMEA,Online
468,2023-06-15,Clothing,Jacket,2,169.07,338.14,APAC,Store
469,2024-05-10,Clothing,Hat,5,197.23,986.15,AMER,Partner
470,2023-10-27,Books,Data Engineering,4,26.04,104.16,EMEA,Store
471,2023-08-12,Electronics,Tablet,3,973.17,2919.51,APAC,Partner
472,2023-03-11,Books,Data Engineering,3,26.53,79.59,AMER,Online
473,2023-05-05,Home & Garden,Cushion,1,72.48,72.48,EMEA,Partner
474,2023-06-23,Books,SQL for Analytics,5,11.06,55.3,EMEA,Online
475,2023-02-05,Clothing,Sneakers,4,65.88,263.52,EMEA,Online
476,2024-04-09,Books,SQL for Analytics,1,11.09,11.09,EMEA,Online
477,2023-08-31,Home & Garden,Candle,4,72.26,289.04,AMER,Online
478,2023-01-07,Home & Garden,Cushion,1,135.03,135.03,AMER,Online
479,2023-03-24,Home & Garden,Cushion,4,86.93,347.72,APAC,Online
480,2023-11-24,Books,Clean Code,1,46.24,46.24,APAC,Partner
481,2023-09-19,Books,SQL for Analytics,5,25.01,125.05,APAC,Store
482,2023-07-12,Sports,Dumbbells,1,23.33,23.33,AMER,Partner
483,2023-12-19,Clothing,T-Shirt,3,96.25,288.75,EMEA,Store
484,2024-01-25,Sports,Water Bottle,2,245.05,490.1,EMEA,Online
485,2023-05-15,Books,SQL for Analytics,4,40.17,160.68,EMEA,Online
486,2023-08-15,Books,Data Engineering,1,32.74,32.74,EMEA,Online
487,2023-04-21,Electronics,Camera,3,1392.25,4176.75,AMER,Partner
488,2024-06-04,Home & Garden,Coffee Maker,3,139.49,418.47,AMER,Online
489,2024-05-10,Books,Clean Code,1,58.51,58.51,EMEA,Partner
490,2024-04-09,Electronics,Tablet,1,163.33,163.33,EMEA,Store
491,2023-11-09,Books,Clean Code,4,30.86,123.44,AMER,Online
492,2024-02-04,Sports,Water Bottle,4,31.76,127.04,EMEA,Partner
493,2023-06-20,Home & Garden,Plant Pot,3,81.38,244.14,APAC,Partner
494,2023-04-06,Electronics,Smartwatch,5,585.03,2925.15,AMER,Online
495,2024-02-06,Sports,Running Shoes,3,283.34,850.02,EMEA,Online
496,2024-04-10,Books,The Pragmatic Programmer,1,28.91,28.91,APAC,Online
497,2023-05-22,Home & Garden,Candle,1,139.73,139.73,EMEA,Partner
498,2023-02-18,Sports,Bike Helmet,3,53.67,161.01,APAC,Partner
499,2023-09-17,Books,Data Engineering,3,13.56,40.68,APAC,Partner
500,2024-04-07,Electronics,Headphones,1,535.82,535.82,APAC,Store
